Station_x,Date,Longitude ,Latitude ,Prof,Temp,Sal,Station,Bottle,Depth ,Nitrite_umol_l ,Nitrate_umol_l ,Silicate_umol_l,Phosphate_umol_l ,NH4_umol_l,Urée_umol_l,POC_Mean_umol_L,POC_Std,NOP_Mean_umol_l ,NOP_Std,PP_mean_ugC_L_day,PP_Std,rNO3_nmol_l_day,ruree_nmol_l_day,rNH4,regNH4_nM_day,rNO3_nM_day,DONH4ex_nMol_day,f ratio,NewPP,,,,,,,,,
4,2009-06-16,303.21,68.499,1.886,0.8462,33.4807,G100,19,2,0.02,0.03,1.53,0.11,0.03,0.57,13.24,1.87,1.63,0.09,3.62,0.57,80.12,145.62,162.5,24.6,10.07,16.79,0.18,0.65,,,,,,,,,
4,2009-06-16,303.21,68.499,20.135,0.8087,33.4858,G100,16,20,0.02,0.02,0.97,0.1,0.02,0.57,14.88,0.63,1.82,0.3,2.35,0.59,52.69,55.84,116.16,11.25,8.48,18.79,0.2,0.46,,,,,,,,,
4,2009-06-16,303.21,68.499,30.328,-0.0727,33.5697,G100,14,30,0.05,1.1,2.35,0.22,0.15,0.51,25.01,3.47,3.23,0.36,9.27,0.83,195.7,70.74,196.42,43.29,19.42,26.25,0.38,3.53,,,,,,,,,
4,2009-06-16,303.21,68.499,34.421,-1.2285,33.6159,G100,12,35,0.14,6.23,5.26,0.6,0.32,0.43,16.91,2.6,2.08,0.1,3.81,0.57,116.59,21.46,60.39,1.21,18.63,10.57,0.49,1.88,,,,,,,,,
4,2009-06-16,303.21,68.499,40.386,-1.5502,33.6386,G100,9,40,0.15,7.89,6.07,0.71,0.34,0.45,11.33,1.41,1.37,0.16,4.12,0.8,126.09,17.33,65.7,3.01,14.07,7.06,0.54,2.2,,,,,,,,,
4,2009-06-16,303.21,68.499,54.646,-1.6095,33.6691,G100,7,55,0.17,9.16,6.95,0.82,0.2,0.47,4.66,0.88,0.53,0.04,0.22,0.22,88.15,6.34,13.77,-0.37,11.89,3.63,0.7,0.15,,,,,,,,,
7,2010-06-16,302.521,68.497,15.135,0.1293,33.4784,G102,19,1,0.021,0.038,2.096,0.152,0.07,0.43,24.36,3.06,3.14,0.62,13.51,1.87,83,100.28,161.35,11.3,6.42,164.39,0.22,3,,,,,,,,,
7,2010-06-16,302.521,68.497,20.472,0.1606,33.4951,G102,17,15,0.031,0.011,1.679,0.144,0.02,0.43,22.37,3.02,2.19,0.6,11.09,2.08,36.19,99.17,109.27,46.62,4.27,70.45,0.13,1.45,,,,,,,,,
7,2010-06-16,302.521,68.497,30.22,0.2528,33.5152,G102,15,20,0.02,0,1.566,0.143,0.02,0.49,26.28,3.69,3.18,0.44,10.32,3.57,54.53,50.62,123.84,99.63,8.42,44.68,0.2,2.08,,,,,,,,,
7,2010-06-16,302.521,68.497,30.169,0.1763,33.4963,G102,13,30,0.045,1.116,1.874,0.245,0.17,0.45,21.78,0.67,3.3,0.39,5.42,1.6,117.75,35,163.74,39.97,11.68,155.73,0.34,1.82,,,,,,,,,
7,2010-06-16,302.521,68.497,60.457,-1.2071,33.7365,G102,9,40,0.166,9.508,6.705,0.786,0.26,0.43,7.92,2.18,1.16,0.12,3.17,0.32,39.94,12.86,39.83,50.22,17.57,19.92,0.24,0.77,,,,,,,,,
7,2010-06-16,302.521,68.497,60.467,-1.2037,33.7373,G102,7,60,0.154,9.629,6.757,0.824,0.26,0.37,5.61,1.17,1,0.18,0.14,0.14,16.6,7.21,22.46,8.97,15.31,33.04,0.03,0,,,,,,,,,
13,2011-06-16,300.821,68.498,0.972,-1.6711,32.6899,G107,24,1,0.114,1.61,4.142,0.32,0.1,0.37,27.88,1.12,3.82,0.1,56.46,1.59,545.84,57.44,213.54,61.27,13.56,21.97,0.65,36.8,,,,,,,,,
13,2011-06-16,300.821,68.498,10.004,-1.6847,32.7037,G107,19,10,0.063,1.706,3.689,0.325,0.08,0.37,26.45,0.96,3.72,0.16,55.1,4.59,562.41,72.38,221.66,72.56,14.01,19.85,0.64,35.28,,,,,,,,,
13,2011-06-16,300.821,68.498,14.953,-1.6848,32.7288,G107,17,15,0.061,2.559,3.992,0.388,0.12,0.31,20.78,1.08,2.93,0.26,30.85,3.62,203.89,50.61,212.06,13.39,11.72,14.59,0.41,12.71,,,,,,,,,
13,2011-06-16,300.821,68.498,22.793,-1.6605,33.354,G107,13,23,0.071,5.853,5.93,0.629,0.13,0.41,9.67,4.37,1.49,0.27,10.01,0.51,44.89,19.74,101.07,17.67,7.47,5.49,0.23,2.26,,,,,,,,,
13,2011-06-16,300.821,68.498,28.94,-1.6679,33.4617,G107,10,29,0.07,6.705,6.85,0.732,0.11,0.83,5.62,0.95,0.82,0.23,2.57,0.39,16.73,6.15,34.36,6.25,4.74,2.28,0.21,0.54,,,,,,,,,
13,2011-06-16,300.821,68.498,32.794,-1.6716,33.4867,G107,9,33,0.085,7.029,7.104,0.748,0.12,0.43,4.42,0.64,0.81,0.23,2.22,2.22,19.32,6.08,31.9,0,5.11,3.42,0.25,0.55,,,,,,,,,
18,2012-06-16,299.833,68.534,0.952,-1.6498,33.2269,G110,24,2,0.1,5.022,6.036,0.596,0.19,0.45,9.53,1.83,1.73,0.14,11.03,1.16,155.71,35.89,57.77,4.9,5.28,16.34,0.6,6.65,,,,,,,,,
18,2012-06-16,299.833,68.534,12.732,-1.6793,33.2703,G110,18,12,0.052,5.233,6.055,0.652,0.35,0.45,7.31,2.61,1.33,0.09,8.27,2.03,129.37,28.66,33.49,22.19,8.43,5.74,0.63,5.22,,,,,,,,,
18,2012-06-16,299.833,68.534,20.666,-1.6911,33.3191,G110,14,20,0.051,5.665,6.282,0.722,0.16,0.53,9.54,1.41,1.45,0.06,7.71,0.67,143.57,23.77,59.13,30.27,6.64,6.27,0.6,4.66,,,,,,,,,
18,2012-06-16,299.833,68.534,32.817,-1.6956,33.4385,G110,12,32,0.051,6.762,7.438,0.787,0.04,0.49,5.56,0.41,0.96,0.14,1.85,0.23,138.29,13.61,21.3,40.15,4.6,2.12,0.77,1.43,,,,,,,,,
18,2012-06-16,299.833,68.534,40.736,-1.6964,33.4518,G110,9,40,0.056,6.857,7.725,0.808,0.04,1.17,3.79,1.23,0.79,0.1,1.01,0.14,126.86,18.45,19.36,29.41,4.42,0.15,0.74,0.75,,,,,,,,,
18,2012-06-16,299.833,68.534,45.709,-1.6933,33.4698,G110,8,45,0.046,7.577,8.65,0.869,0.01,0.43,2.92,0.98,0.57,0.11,0.76,0.76,88.33,10.12,7.88,18.38,5.35,0.76,0.78,0.59,,,,,,,,,
25,2013-06-16,298.644,68.456,0.908,-1.5631,32.2176,G115,24,2,0.043,3.945,8.061,0.905,0.22,0.69,8.24,1.06,1.29,0.1,7.71,0.82,313.07,27.19,60.21,384.92,7.15,7.32,0.76,5.89,,,,,,,,,
25,2013-06-16,298.644,68.456,15.589,-1.5844,32.5869,G115,18,15,0.059,4.98,9.512,0.988,0.45,0.69,6.42,0.32,0.93,0.17,5.78,0.45,212.54,16.89,21.26,50.79,9.26,21.78,0.81,4.68,,,,,,,,,
25,2013-06-16,298.644,68.456,25.435,-1.6607,32.771,G115,14,25,0.075,5.873,10.451,1.007,0.28,1.21,5.14,0.21,0.7,0.08,3.49,0.28,259.57,25.91,18.15,74.39,5.66,16.22,0.84,2.92,,,,,,,,,
25,2013-06-16,298.644,68.456,40.638,-1.6042,32.9671,G115,12,40,0.061,7.649,12.349,1.078,0.01,0.53,3.37,0.46,0.51,0.12,0.82,0.16,141.53,6.29,4.44,73.19,3.05,4.14,0.91,0.74,,,,,,,,,
25,2013-06-16,298.644,68.456,49.121,-1.2522,33.0466,G115,9,49,0.015,9.136,14.278,1.152,0.01,0.71,3.01,0.15,0.44,0.16,0.15,0.03,107.61,5.57,3.35,83.53,7.61,2.95,0.86,0.13,,,,,,,,,
25,2013-06-16,298.644,68.456,57.607,-1.4412,33.1594,G115,8,57,0.021,8.82,12.772,1.104,0,0.89,2.79,0.94,0.39,0.03,0.07,0.07,116.98,6.2,2.56,57.59,4.13,2.85,0.9,0.06,,,,,,,,,
29,2014-06-16,300.053,68.633,1.136,-1.4935,33.1541,G201,21,2,0.051,5.146,6.511,0.681,0.2,,11.92,1.31,1.84,0,12.05,1.11,91.06,,117.54,66.52,8.21,22.95,0.4,4.79,,,,,,,,,
29,2014-06-16,300.053,68.633,15.255,-1.6325,33.2266,G201,17,15,0.055,5.39,6.901,0.76,0.22,,9.49,0.09,1.35,0.04,6.93,1.86,39.41,,68.33,46.26,3.6,9.71,0.33,2.3,,,,,,,,,
29,2014-06-16,300.053,68.633,21.295,-1.6485,33.2398,G201,12,21,0.047,5.439,6.849,0.784,0.2,,8.69,0.81,1.13,0.1,5.9,0.48,46.25,,58.25,42.99,9.97,12.28,0.35,2.05,,,,,,,,,
29,2014-06-16,300.053,68.633,31.877,-1.6676,33.2603,G201,9,32,0.041,5.691,7.155,0.778,0.17,,6.79,0.21,0.91,0.07,1.52,0.57,21.25,,39.49,41.18,8.71,7.58,0.21,0.31,,,,,,,,,
29,2014-06-16,300.053,68.633,40.431,-1.7074,33.4085,G201,6,40,0.067,6.606,7.995,0.86,0.08,,4.25,0.53,0.56,0.05,0.6,0.35,13.35,,20.09,66.25,6.45,31.14,0.21,0.12,,,,,,,,,
29,2014-06-16,300.053,68.633,46.421,-1.7115,33.4378,G201,4,46,0.074,6.944,8.459,0.881,0.06,,3.47,0.19,0.41,0.06,0.63,0.63,17.14,,13.12,26.66,4.68,13.24,0.41,0.26,,,,,,,,,
34,2015-06-16,300.743,68.708,0.941,-1.53,32.3023,G204,24,1,0.015,0.098,0.083,1.375,0.166,0.41,44.38,3.97,4.21,0.44,88.13,2.97,126.84,122.56,405.44,44.73,28.69,69.08,0.15,13.21,,,,,,,,,
34,2015-06-16,300.743,68.708,8.504,-1.6026,32.6245,G204,19,8,0.014,0.188,0.174,1.864,0.241,0.41,39.77,3.16,4.8,0.37,70.14,4.16,185.52,115.32,395.21,33.39,11.46,57.53,0.25,17.54,,,,,,,,,
34,2015-06-16,300.743,68.708,13.456,-1.6109,32.7671,G204,16,13,0.038,1.888,1.85,3.14,0.397,1.85,28.16,1.08,4.03,0.17,55.01,3.97,622.5,123.84,347.76,30.39,47.03,64.28,0.53,28.94,,,,,,,,,
34,2015-06-16,300.743,68.708,20.604,-1.6319,33.124,G204,14,20,0.06,4.502,4.442,5.24,0.571,0.45,11.33,1.09,1.57,0.12,11.69,0.68,193.75,17.37,157.41,9.84,13.74,40.69,0.49,5.71,,,,,,,,,
34,2015-06-16,300.743,68.708,29.51,-1.6416,33.4187,G204,12,29,0.076,6.419,6.343,7.685,0.726,0.45,6.01,0.77,0.64,0.15,1.31,1.06,171.83,5.05,31.45,15.02,16.51,10.05,0.75,0.97,,,,,,,,,
34,2015-06-16,300.743,68.708,39.273,-1.6746,33.4993,G204,8,39,0.084,7.124,7.04,7.577,0.793,0.43,6.33,1.78,0.62,0.11,0.71,0.71,257.25,7.15,10.34,5.09,23.59,4.6,0.85,0.6,,,,,,,,,
40,2016-06-16,301.471,68.794,1.412,-0.2229,32.4942,G207,24,1,0.06,0.181,0.181,0.1,0.41,0.41,24.14,2.28,2.56,0.08,14.41,1.01,197.57,135.02,173.51,34.36,2.37,13.45,0.39,5.56,,,,,,,,,
40,2016-06-16,301.471,68.794,12.129,-0.2806,33.09,G207,19,12,0.002,0.077,0.077,0.15,0.41,0.41,51.57,5.58,5.66,0.55,37.68,3.19,124.81,125.94,269.32,52.81,7.06,14.75,0.23,8.53,,,,,,,,,
40,2016-06-16,301.471,68.794,15.293,-0.9152,33.2059,G207,16,15,0.035,0.272,0.272,0.2,0.65,0.65,46.45,2.69,5.38,0.03,33.31,4.97,125.14,165.19,704.23,67.3,10.84,46.56,0.11,3.83,,,,,,,,,
40,2016-06-16,301.471,68.794,17.307,-0.9393,33.2245,G207,14,17,0,0.05,0.05,0.22,0.37,0.37,48.76,4.73,5.49,0.28,23.42,1.88,110.74,122.48,671.06,80.13,8.77,55.86,0.11,2.64,,,,,,,,,
40,2016-06-16,301.471,68.794,24.725,-1.5987,33.493,G207,12,24,0.072,5.239,5.239,0.27,0.63,0.63,13.36,0.97,1.96,0.15,6.36,0.52,102.64,27.7,130.87,131.35,13.74,44.67,0.34,2.17,,,,,,,,,
40,2016-06-16,301.471,68.794,27.105,-1.6237,33.5044,G207,11,27,0.11,5.856,5.856,0.57,0.41,0.41,10.73,0.8,1.54,0.25,3.48,3.48,54.01,17.87,80.99,79.18,13.01,49.57,0.27,0.93,,,,,,,,,
49,2017-06-16,303.211,68.999,1.188,1.3934,33.6554,G300,20,2,0,0,1.715,0.03,0.31,0.31,22.4,2.17,2.19,0.5,4.54,0.43,63.17,139.84,239.75,19.34,1.48,5.46,0.14,0.63,,,,,,,,,
49,2017-06-16,303.211,68.999,26.077,1.1421,33.6487,G300,18,26,0,0,1.537,0.02,0.31,0.31,23.35,1.82,2.57,0.32,3.47,0.24,55.47,115.32,162.96,13.97,1.35,7.28,0.16,0.56,,,,,,,,,
49,2017-06-16,303.211,68.999,33.04,1.2069,33.6576,G300,16,33,0.005,0,1.679,0.02,0.27,0.27,22.57,1.35,2.47,0.1,2.72,0.21,77.52,127.14,143.24,10.99,1.62,8.9,0.22,0.59,,,,,,,,,
49,2017-06-16,303.211,68.999,47.152,-0.4645,33.6442,G300,12,47,0.058,1.7,3.077,0.2,0.43,0.43,18.4,1.37,2.17,0.27,3.84,0.72,89.56,26.11,100.34,25.91,6.2,36.86,0.39,1.48,,,,,,,,,
49,2017-06-16,303.211,68.999,64.266,-0.7811,33.7793,G300,9,64,0.161,9.006,5.642,0.91,0.51,0.51,19.81,2.34,2.32,0.26,0.51,0.08,65.44,16.6,78.4,98.23,18.23,72.18,0.29,0.15,,,,,,,,,
49,2017-06-16,303.211,68.999,89.928,-0.157,33.9036,G300,6,90,0.174,12.032,8.755,0.49,0.47,0.47,11.63,1.42,1.33,0.29,0.26,0.26,68.87,9.89,39.43,140.25,49.74,198.35,0.16,0.04,,,,,,,,,
58,2018-06-16,301.261,69,1.253,-0.5834,32.7613,G309,20,1,0.046,0.026,1.702,0.086,0.1,0.65,27.18,0.84,3.22,0.23,28.37,1.59,190.62,186.5,448.97,67.65,6.3,72.56,0.22,6.33,,,,,,,,,
58,2018-06-16,301.261,69,12.963,-0.5804,32.7446,G309,18,13,0.012,0.021,1.076,0.075,0.03,0.65,26.52,3.7,3.02,0.27,11.99,2.55,164.05,141.97,396.86,70.09,8.69,101.6,0.22,2.65,,,,,,,,,
58,2018-06-16,301.261,69,15.406,-0.5678,32.9123,G309,16,15,0.022,0.028,1.251,0.077,0.17,0.71,29,3.71,3.06,0.3,9.56,0.62,245.87,165.19,501.3,77.08,13.66,115.11,0.25,2.43,,,,,,,,,
58,2018-06-16,301.261,69,20.02,-1.0626,33.1456,G309,14,20,0.031,0.758,3.007,0.27,0.02,0.99,39.27,1.36,5.41,0.48,12.58,3.12,288.37,65.48,,,,,0.81,10.25,,,,,,,,,
58,2018-06-16,301.261,69,25.124,-1.5878,33.4051,G309,12,25,0.059,5.093,6.439,0.618,0.03,0.79,17.6,0.45,2.47,0.07,5.14,0.82,70.6,16.49,96.81,93.93,11.29,36.15,0.32,1.66,,,,,,,,,
58,2018-06-16,301.261,69,28.285,-1.6181,33.449,G309,9,28,0.059,5.663,6.53,0.682,0.57,0.47,14.91,2.03,2.17,0.16,2.26,2.26,48.82,15.88,118.87,48.15,16.25,54.97,0.18,0.4,,,,,,,,,
66,2019-06-16,300.436,69.012,0.831,-1.445,32.4223,G312,20,1,0.052,1.742,4.04,0.447,0.77,0.79,14.35,2.14,2.33,0.29,15.95,1.22,102.92,15.46,277,164.89,10.38,123.67,0.23,3.73,,,,,,,,,
66,2019-06-16,300.436,69.012,11.071,-1.607,32.4685,G312,18,11,0.057,2.711,4.919,0.547,0.63,0.79,13.16,0.67,2.09,0.13,12.24,2.41,73.53,14.85,228.84,178.89,5.78,152.87,0.21,2.61,,,,,,,,,
66,2019-06-16,300.436,69.012,18.016,-1.5442,32.9593,G312,16,18,0.056,3.509,5.991,0.619,0.3,0.43,16.14,0.85,2.58,0.13,21.78,2.99,167.31,17.15,239.54,164.81,18.04,163.81,0.35,7.67,,,,,,,,,
66,2019-06-16,300.436,69.012,28.115,-1.5813,33.3344,G312,14,28,0.066,5.963,8.022,0.804,0.22,0.39,8.24,0.67,1.34,0.11,5.68,1.1,23.8,8.99,85.93,152.93,12.03,144.81,0.1,0.56,,,,,,,,,
66,2019-06-16,300.436,69.012,35.073,-1.6394,33.4613,G312,12,35,0.071,7.133,8.56,0.87,0.32,0.43,5.06,0.67,0.83,0.14,1.8,0.32,9.39,5.01,32.82,129.55,5.69,139.86,0.08,0.14,,,,,,,,,
66,2019-06-16,300.436,69.012,40.04,-1.6649,33.5004,G312,9,40,0.093,7.532,8.833,0.9,0.12,0.31,4.14,1.26,0.72,0.05,1.02,1.02,9.88,2.87,7.11,98.55,6.17,19.54,0.19,0.19,,,,,,,,,   
73,2020-06-16,299.047,69.007,1.053,-1.5515,33.2196,G318,20,1,0.1,5.164,6.86,0.676,0.26,1.91,12.99,1.05,2.13,0.25,16.75,1.07,88.52,20.1,41.43,93.77,4.06,123.17,0.56,9.43,,,,,,,,,
73,2020-06-16,299.047,69.007,12.087,-1.5873,33.2856,G318,18,12,0.052,5.605,6.275,0.753,0.24,1.91,9.3,0.45,1.87,0.26,11.61,0.84,65.85,60.44,178.77,78.96,19.1,188.3,0.15,1.78,,,,,,,,,
73,2020-06-16,299.047,69.007,18.657,-1.6151,33.3791,G318,16,19,0.06,6.403,7.489,0.84,0.16,0.69,6.98,0.78,1.48,0.19,7.41,0.65,46.8,16.26,40.21,37.35,1.24,68.07,0.44,3.27,,,,,,,,,
73,2020-06-16,299.047,69.007,30.051,-1.6647,33.4825,G318,14,30,0.084,8.513,9.514,0.965,0.03,0.47,2.4,1.01,1.03,0.25,1.28,0.03,9.4,7.61,30.78,4.88,1.31,35.58,0.17,0.22,,,,,,,,,
73,2020-06-16,299.047,69.007,43.003,-1.7163,33.5436,G318,12,43,0.052,8.568,8.643,0.927,0.02,1.01,2.23,0.83,0.66,0.17,0.56,0.09,5.34,7.96,48.25,4.29,7.15,47.98,0,0,,,,,,,,,
73,2020-06-16,299.047,69.007,58.871,-1.7456,33.5891,G318,9,59,0.047,8.674,8.384,0.918,0.02,0.69,2.55,0.64,0.57,0.11,0.05,0.05,3.74,3.33,54.79,1.97,8.6,54.92,0,0,,,,,,,,,
81,2021-06-16,297.642,68.996,0.862,-1.5475,32.2791,G324,20,1,0.082,4.114,9.875,0.892,0.19,0.51,11.82,1.05,2.03,0.17,14.83,0.58,118.96,28.16,47.35,73.21,2.83,104.93,0.6,8.86,,,,,,,,,
81,2021-06-16,297.642,68.996,11.875,-1.6107,32.5467,G324,18,12,0.058,4.13,8.197,0.897,0.24,0.51,11.19,0.72,2.17,0.26,12.06,0.07,53.01,17.45,47.21,52.44,2.83,71.34,0.43,5.14,,,,,,,,,
81,2021-06-16,297.642,68.996,19.871,-1.6034,32.8091,G324,16,20,0.058,4.366,7.674,0.886,0.24,0.39,7.84,0.28,1.55,0.38,8.52,0.21,37.92,13.85,37.39,49.23,0.52,78.91,0.42,3.57,,,,,,,,,
81,2021-06-16,297.642,68.996,31.067,-1.5995,32.971,G324,14,31,0.069,5.362,8.46,0.939,0.22,0.55,5.72,0.17,1.24,0.38,4.23,0.12,14.89,11.34,9.94,27,1.75,26.1,0.36,1.54,,,,,,,,,
81,2021-06-16,297.642,68.996,38.716,-1.629,33.2289,G324,12,39,0.079,6.446,9.325,0.968,0.12,0.75,4.9,0.12,1,0.3,1.7,0.29,5.96,5.55,35.52,10.73,2.71,50.2,0.07,0.12,,,,,,,,,
81,2021-06-16,297.642,68.996,44.903,-1.6678,33.3494,G324,9,45,0.085,7.325,10.029,1.005,0.06,0.71,3.38,0.61,0.65,0.15,0.94,0.94,8.75,9.28,25.89,8.87,4.85,39.14,0.09,0.08,,,,,,,,,
90,2025-06-16,298.399,68.031,1.013,-1.3902,32.1368,G403,20,1,0.063,3.632,7.59,0.82,0.12,0.39,4.32,0.82,0.83,0.05,5.11,0.97,56.37,7.09,42.58,39.06,4.67,107.89,0.49,2.49,,,,,,,,,
90,2025-06-16,298.399,68.031,7.144,-1.4942,32.165,G403,18,7,0.075,4.514,8.187,0.943,0.11,0.39,3.59,0.82,0.65,0.07,1.76,0.29,8.69,5.2,16.68,47.58,3.8,27.66,0.16,0.28,,,,,,,,,
90,2025-06-16,298.399,68.031,14.825,-1.5986,32.3683,G403,15,15,0.037,5.736,9.406,1.009,0.01,0.37,2.29,0.86,0.4,0.11,1.22,0.49,16.75,2.58,3.36,71.13,6.47,35.14,0.45,0.55,,,,,,,,,
90,2025-06-16,298.399,68.031,23.897,-1.6144,32.4405,G403,14,24,0.021,6.31,10.367,1.067,0,0.29,1.65,0.84,0.31,0.08,0.54,0.21,7.75,1.05,1.77,76.67,6.42,45.32,0.13,0.07,,,,,,,,,
90,2025-06-16,298.399,68.031,38.223,-1.6089,32.5151,G403,12,38,0.012,6.902,11.144,1.127,0,0.33,1.28,1.02,0.25,0.12,0.1,0.02,2.96,0.68,0.85,84.95,10.15,51.75,0,0,,,,,,,,,
90,2025-06-16,298.399,68.031,55.073,-1.466,32.7742,G403,9,55,0.006,8.627,13.328,1.184,0,0.41,1.85,0.98,0.33,0.11,0.05,0.05,1.56,0.5,0.65,92.25,4.48,56.55,0,0,,,,,,,,,
98,2026-06-16,300.006,68.106,1.062,-1.4054,31.9952,G409,20,1,0.038,3.073,6.917,0.849,0.35,0.39,10.57,9.85,1.51,1.37,7.13,6.18,106.5,25.29,172.01,7.34,13.01,103.11,0.31,2.19,,,,,,,,,
98,2026-06-16,300.006,68.106,6.07,-1.377,32.0213,G409,18,6,0.062,3.384,6.963,0.874,0.37,0.39,12.46,1.94,1.98,0.33,9.13,0.68,81.72,23.48,,33.64,7.52,23.82,0.71,6.44,,,,,,,,,
98,2026-06-16,300.006,68.106,19.071,-1.6284,33.1837,G409,14,19,0.061,5.241,6.466,0.743,0.6,0.59,9.53,0.68,1.41,0.15,5.15,2.04,83.81,9.01,151.73,112.93,21.91,241.15,0.25,1.3,,,,,,,,,
98,2026-06-16,300.006,68.106,24.827,-1.6489,33.261,G409,12,29,0.072,6.461,7.263,0.826,0.25,0.45,5.49,0.38,0.97,0.11,0.65,0.56,3.25,3.74,100.46,1.82,8.51,39.92,0,0,,,,,,,,,
98,2026-06-16,300.006,68.106,38.093,-1.6658,33.3866,G409,10,42,0.064,6.994,7.737,0.882,0.12,0.45,3.59,0.52,0.55,0.08,0.62,0.29,8.07,2.82,27.35,7.03,6.37,30.27,0.04,0.03,,,,,,,,,
98,2026-06-16,300.006,68.106,56.056,-1.6974,33.4754,G409,7,56,0.064,8.373,8.931,0.949,0.03,0.39,1.73,0.76,0.31,0.16,0.03,0.03,1.95,1.13,16.05,5,5.2,8.46,0,0,,,,,,,,,
108,2027-06-16,301.034,68.123,0.956,-1.3475,31.9871,G413,24,1,0.027,0.978,2.23,0.302,0.49,0.73,16.75,2.06,2.28,0.26,9.45,3.33,49.97,20.43,156.41,25.85,18.49,51.09,0.14,1.31,,,,,,,,,
108,2027-06-16,301.034,68.123,6.639,-1.3877,32.1597,G413,18,7,0.033,1.281,2.291,0.364,0.61,0.73,14.76,1.5,2.34,0.35,4.33,1.79,12.02,7.4,117.46,12.03,11.95,69.47,0,0,,,,,,,,,
108,2027-06-16,301.034,68.123,21.92,-1.5222,33.1261,G413,15,22,0.084,4.468,4.183,0.581,0.27,0.47,10.37,4.23,1.49,0.39,3.9,2.08,14.13,4.14,71.35,89.89,4.98,30.69,0.1,0.4,,,,,,,,,
108,2027-06-16,301.034,68.123,30.142,-1.5905,33.3926,G413,12,30,0.116,5.95,4.865,0.686,0.73,0.47,12.12,5.12,1.87,0.87,1.85,0.4,11.45,3.26,49.29,6.08,0,4.92,0.18,0.33,,,,,,,,,
108,2027-06-16,301.034,68.123,50.306,-1.6284,33.6087,G413,9,50,0.192,8.539,6.362,0.806,0.67,0.47,7.96,4.36,1.02,0.4,0.5,0.18,4.1,2.14,26.89,-2.96,31.37,0.85,0,0,,,,,,,,,
111,2028-06-16,302.23,68.114,1.108,1.294,32.3652,G418,20,1,0.01,0.054,1.949,0.226,0.08,0.43,11,2.08,1.86,0.39,2.8,0.1,22.09,34.28,79.68,16.57,7.01,38.15,0.11,0.31,,,,,,,,,
111,2028-06-16,302.23,68.114,9.925,0.3795,32.9111,G418,18,10,0.017,0.232,2.194,0.266,0.13,0.43,11.71,2.4,1.98,0.22,3.25,0.28,13.9,18.69,82.58,28.08,8.5,66.81,0.05,0.15,,,,,,,,,
111,2028-06-16,302.23,68.114,19.905,-0.7718,33.1781,G418,17,20,0.026,0.706,2.763,0.341,0.4,0.45,12.9,3.3,2.1,0.26,2.48,0.1,8.09,13.01,58.27,11.56,4.92,33.4,0.04,0.1,,,,,,,,,
111,2028-06-16,302.23,68.114,30.103,-1,33.2306,G418,14,30,0.039,1.199,3.266,0.405,0.62,0.35,9.32,1.48,1.52,0.02,2.32,0.08,8.4,10.09,81.38,13.13,4.72,66.15,0.04,0.09,,,,,,,,,
111,2028-06-16,302.23,68.114,49.78,-1.4262,33.5338,G418,11,50,0.154,6.458,6.048,0.735,1.12,0.49,9.65,0.93,1.6,0.14,2.36,0.39,12.91,13.51,58.76,5.03,20.75,85.11,0,0,,,,,,,,,
111,2028-06-16,302.23,68.114,70.163,-1.3297,33.6556,G418,8,70,0.17,9.016,7.373,0.857,0.69,0.65,4.99,2.1,0.85,0.1,0.4,0.4,52.44,4.24,17.71,0.67,15.25,59.4,0.5,0.2,,,,,,,,,
124,1930-06-16,302.236,70,2.036,-0.488,32.1878,G503,20,1,0,0.155,0.564,0.188,0.29,0.42,39.7,7.16,4.27,0.75,32.4,5.11,93.52,67.54,346.04,26.19,2.05,62.64,0.18,5.84,,,,,,,,,
124,1930-06-16,302.236,70,5.107,-1.0636,32.6603,G503,17,5,0.001,0.421,0.874,0.318,0.12,0.42,56.24,5.94,6.3,0.85,46.02,4.13,384.24,23.37,422.37,45.31,2.92,16.77,0.46,21.14,,,,,,,,,
124,1930-06-16,302.236,70,12.11,-1.5114,33.0609,G503,14,12,0.028,1.187,1.191,0.378,0.58,0.65,42.65,8.84,5.01,1.05,44.29,8.36,111.83,21.28,350.18,11.75,24.86,118.15,0.18,7.97,,,,,,,,,
124,1930-06-16,302.236,70,20.043,-1.6188,33.3766,G503,12,20,0.065,4.306,2.488,0.556,0.32,1.37,32.11,9.66,3.31,0.69,4.64,2.46,73.34,10.66,72.63,2.09,8.13,74.67,0.42,1.93,,,,,,,,,
124,1930-06-16,302.236,70,30.122,-1.6225,33.3884,G503,10,30,0.085,5.582,3.543,0.642,0.33,0.84,17.87,3.84,2.17,0.24,2.63,1.01,21.48,11.78,70.54,9.32,13.29,102.36,0.08,0.21,,,,,,,,,
124,1930-06-16,302.236,70,50.16,-1.6807,33.6007,G503,8,50,0.154,8.045,5.83,0.772,0.15,0.44,4.75,1.22,0.47,0.07,0.28,0.28,12.74,1.96,9.83,1.15,1.96,62.71,0.44,0.12,,,,,,,,,
135,2001-07-16,299.635,70.003,1.322,-0.6529,31.4698,G512,20,1,0.003,0.007,1.452,0.175,0.03,0.3,44.33,4.3,4.29,0.28,16.73,9.79,59.45,101.42,145.27,11.45,1.04,14.38,0.19,3.19,,,,,,,,,
135,2001-07-16,299.635,70.003,5.057,-1.2819,32.7876,G512,17,5,0.002,0.062,1.894,0.294,0.01,0.3,46.43,3.2,4.34,0.07,25.18,12.76,25.99,43.02,73.47,2.9,0.68,10.35,0.18,4.47,,,,,,,,,
135,2001-07-16,299.635,70.003,9.737,-1.2819,32.8168,G512,16,10,0,0.107,1.76,0.275,0.01,0.34,40.62,2.78,3.98,0.24,14.54,5.39,75.31,44.68,100.37,8.11,0.96,4.62,0.34,4.91,,,,,,,,,
135,2001-07-16,299.635,70.003,14.678,-1.4179,33.0921,G512,13,15,0.018,1.201,2.829,0.531,0.05,0.32,61.63,7.83,6.52,1.17,49,30.24,894.44,55.29,261.9,-0.03,1.22,62.63,0.74,36.12,,,,,,,,,
135,2001-07-16,299.635,70.003,19.933,-1.6309,33.356,G512,11,20,0.027,4.55,4.044,0.612,0.09,0.36,46.37,2.19,5.99,0.18,31.39,12.76,638.14,31.4,155.62,0,2.1,75.26,0.77,24.2,,,,,,,,,
135,2001-07-16,299.635,70.003,30.136,-1.6853,33.4948,G512,8,30,0.103,7.531,5.989,0.785,0.16,0.36,17.65,6.89,2.6,1.59,0.51,0.51,16.89,4.63,28.05,0,0,37.87,0.34,0.17,,,,,,,,,
144,2002-07-16,297.578,70.017,0.883,-1.4112,32.0312,G519,20,1,0.067,3.991,8.775,0.764,0.12,0.47,9.93,0.8,1.49,0.08,7.92,0.95,62.67,13.32,36.23,17.48,17.1,13.46,0.41,3.22,,,,,,,,,
144,2002-07-16,297.578,70.017,15.086,-1.6636,32.924,G519,13,15,0.122,6.594,11.379,1.016,0.15,0.47,4.08,0.43,0.6,0.11,1.08,0.39,21.08,3.33,21.33,17.82,10.35,67.9,0.23,0.25,,,,,,,,,
144,2002-07-16,297.578,70.017,15.086,-1.6636,32.924,G519,,15,0.122,6.594,11.379,1.016,0.15,0.47,3.91,0.89,0.55,0.05,1.14,0.38,23.26,3.73,24.49,22.19,11.42,77.18,0.23,0.26,,,,,,,,,
144,2002-07-16,297.578,70.017,15.086,-1.6636,32.924,G519,,15,0.122,6.594,11.379,1.016,0.15,0.47,4.05,0.75,0.54,0.08,1.29,0.43,23.64,4.03,23.55,32.43,12.8,95.45,0.21,0.27,,,,,,,,,
144,2002-07-16,297.578,70.017,15.086,-1.6636,32.924,G519,,15,0.122,6.594,11.379,1.016,0.15,0.47,4.5,1.47,0.62,0.04,1.83,0.42,29.42,6.48,24.53,22.87,12.33,79.13,0.28,0.52,,,,,,,,,
144,2002-07-16,297.578,70.017,25.15,-1.7035,33.0382,G519,11,25,0.14,7.485,11.837,1.077,0.05,0.49,3.02,0.69,0.43,0.02,0.41,0.41,16.6,5.47,9.51,19.13,10.69,85.35,0.19,0.08,,,,,,,,,
148,2003-07-16,296.012,70.511,1.209,-1.3554,31.7432,G600,20,1,0.071,1.846,7.881,0.765,0.19,0.37,18.32,1.14,2.75,0.08,21.28,4.5,229.26,49.28,115.38,23.53,5.6,18.34,0.57,12.08,,,,,,,,,
148,2003-07-16,296.012,70.511,9.962,-1.5524,32.2892,G600,18,10,0.083,2.697,8.652,0.874,0.29,0.37,13.4,1.05,1.91,0.11,8,2.38,143.92,48.44,95.32,71.33,66.76,0,0.27,2.15,,,,,,,,,
148,2003-07-16,296.012,70.511,20.296,-1.6394,32.5201,G600,16,20,0.131,4.424,9.818,1.009,0.26,0.41,3.96,3.43,0.89,0.17,1.33,0.34,10.61,7.75,27.59,11.28,0.18,35.41,0.23,0.3,,,,,,,,,
148,2003-07-16,296.012,70.511,29.974,-1.6929,32.6167,G600,14,30,0.196,5.907,11.693,1.151,0.21,0.49,4.04,0.69,0.51,0.04,0.68,0.19,13.62,3.02,15.52,77.98,19.4,94.26,0,0,,,,,,,,,
148,2003-07-16,296.012,70.511,40.11,-1.7343,32.6827,G600,12,40,0.128,7.435,13.813,1.213,0.05,0.35,2.56,0.36,0.3,0.02,0.05,0.01,15.12,2.7,2.7,10.38,13.24,10.42,0.09,0,,,,,,,,,
156,2003-07-16,297.483,70.503,1.063,-1.4185,31.7829,G605,20,1,0.086,2.341,7.591,0.749,0.16,0.33,33.79,4.11,4.91,0.57,45.24,3.46,76.48,21.32,237.71,11.23,17.37,69.51,0.18,7.97,,,,,,,,,
156,2003-07-16,297.483,70.503,10.045,-1.3843,32.0183,G605,18,10,0.082,2.788,7.531,0.784,0.28,0.33,13.53,2.89,2.19,0.33,10.33,2.86,57.56,13.53,184.81,25.43,29.15,68.93,0.11,1.15,,,,,,,,,
156,2003-07-16,297.483,70.503,19.854,-1.4368,33.1089,G605,16,20,0.107,5.631,9.201,0.933,1.38,0.35,8.35,1.3,1.5,0.15,3.54,1.55,24.04,19.13,104.85,1.64,0.15,9.36,0.16,0.57,,,,,,,,,
156,2003-07-16,297.483,70.503,29.836,-1.5794,33.2067,G605,14,30,0.141,6.869,10.22,0.999,0.25,0.43,4.17,0.52,0.77,0.13,1.22,0.23,9.75,7.54,28.55,0.03,53.25,22.52,0,0,,,,,,,,,
156,2003-07-16,297.483,70.503,40.156,-1.6114,33.2659,G605,12,40,0.114,7.852,10.809,1.025,0.16,0.31,3.46,0.71,0.64,0.06,0.52,0.15,11.95,10.38,16.93,0.95,20.61,25.74,0,0,,,,,,,,,
160,2005-07-16,300.475,70.499,1.916,2.5858,32.8656,G615,20,2,0.029,0,1.731,0.173,0.05,0.29,11.88,1.99,1.72,0.14,5.46,0.99,18.66,57.27,86.29,13.46,2.44,8.3,0.1,0.55,,,,,,,,,
160,2005-07-16,,,10.053,2.4623,32.8933,G615,18,10,0.025,0,1.818,0.177,0.05,0.29,12.08,1.76,1.8,0.13,4.38,1.88,28.13,33.91,79.14,9.55,4.56,14.01,0.17,0.73,,,,,,,,,
160,2005-07-16,300.475,70.499,24.654,-1.54,33.5454,G615,15,25,0.051,0.765,5.301,0.574,0.07,0.37,72.83,3.53,7.39,0.71,51.76,16.38,499.81,73.61,210.69,52.12,3.83,27.69,0.63,32.74,,,,,,,,,
160,2005-07-16,300.475,70.499,29.917,-1.6654,33.5686,G615,12,30,0.078,7.295,6.971,0.781,0.19,0.43,37.98,0.89,4.92,0.13,33.09,1.42,403.26,44.49,254.87,76.37,12.73,53.45,0.56,18.39,,,,,,,,,
160,2005-07-16,300.475,70.499,35.047,-1.7124,33.5874,G615,10,35,0.145,8.996,7.894,0.869,0.11,0.37,18.86,1.09,2.62,0.13,11.88,0.91,151.09,24.15,114.6,42.33,12.7,45.02,0.48,5.67,,,,,,,,,
160,2005-07-16,300.475,70.499,50.044,-1.7479,33.6189,G615,6,50,0.085,9.126,7.997,0.877,0.03,0.33,3.36,1.35,0.58,0.1,0.08,0.08,13.58,2.33,2.61,15.6,7.01,20.31,0.35,0.03,,,,,,,,,
168,2006-07-16,297.375,70.502,1.207,-0.6745,31.6371,G604.5,20,1,0.055,2.443,6.222,0.629,0.13,0.33,9.84,1.96,1.76,0.23,6.85,0.41,59.37,39.56,135.2,37.91,2.39,30.17,0.24,1.67,,,,,,,,,
168,2006-07-16,297.375,70.502,10.089,-1.0171,32.1412,G604.5,18,10,0.074,2.568,6.349,0.67,0.19,0.33,8.93,1.17,1.74,0.27,7.42,1.52,63.34,26.7,156.19,42.18,10.28,19.37,0.22,1.6,,,,,,,,,
168,2006-07-16,297.375,70.502,14.882,-1.313,32.7314,G604.5,16,15,0.077,3.119,7.761,0.761,0.09,0.25,8.4,0.71,1.65,0.18,7.93,0.62,62.68,33.54,111.02,27.52,3.3,26.48,0.29,2.27,,,,,,,,,
168,2006-07-16,297.375,70.502,19.916,-1.5093,32.9264,G604.5,13,20,0.11,4.363,8.726,0.842,0.09,0.31,11.61,1.77,1.63,0.28,10.33,1.13,73.87,59.58,145.95,79.32,14.65,69,0.21,2.19,,,,,,,,,
168,2006-07-16,297.375,70.502,34.831,-1.6746,33.2304,G604.5,10,35,0.171,7.523,10.442,0.977,0.04,0.29,4.95,1.73,0.73,0.14,0.56,0.36,17.39,7.41,3.38,25.6,12.2,27.62,0.18,0.1,,,,,,,,,
168,2006-07-16,297.375,70.502,50.035,-1.6531,33.3764,G604.5,7,50,0.056,8.383,10.243,1.016,0.01,0.29,1.42,0.97,0.36,0.22,0.2,0.2,12.71,3.53,3.28,-3.49,10.24,2.33,0.13,0.03,,,,,,,,,
184,2008-07-16,300.195,69.512,1.17,1.1536,32.0574,G707,20,1,0.038,0.081,1.266,0.312,0.13,0.27,12.77,1.02,1.99,0.16,13.78,0.5,100.31,80.56,235.82,45.14,3.32,14.06,0.23,3.21,,,,,,,,,
184,2008-07-16,300.195,69.512,9.971,0.1781,32.3795,G707,18,10,0.072,1.163,3.29,0.437,0.19,0.27,15.32,0.41,2.56,0.18,17.9,0.73,183.07,47.72,121.63,27.67,7.93,27.23,0.5,8.9,,,,,,,,,
184,2008-07-16,300.195,69.512,25.028,-1.5626,33.3802,G707,16,25,0.084,5.465,7.37,0.742,0.09,0.29,11.2,0.56,1.85,0.09,9.43,0.13,120.68,23.63,93.72,15.48,9.52,40.49,0.47,4.41,,,,,,,,,
184,2008-07-16,300.195,69.512,35.139,-1.6674,33.4753,G707,14,35,0.128,7.193,8.06,0.872,0.09,0.29,5.6,0.66,0.89,0.04,3.97,0.3,53.24,5.47,44.54,32.91,14.3,49.29,0.38,1.5,,,,,,,,,
184,2008-07-16,300.195,69.512,40.236,-1.7023,33.5037,G707,12,40,0.14,7.801,8.479,0.915,0.04,0.29,3.21,1.08,0.47,0.06,0.75,0.12,14.24,2.94,12.85,29.84,10.57,35.47,0.12,0.09,,,,,,,,,
184,2008-07-16,300.195,69.512,60.231,-1.6917,33.5767,G707,9,60,0.098,8.895,8.712,0.959,0.01,0.25,2.31,0.95,0.31,0.03,0.06,0.06,13.82,1.83,2.96,12.16,21.58,38.97,0,0,,,,,,,,,
193,2009-07-16,298.418,69.501,1.733,0.3681,32.2009,G713,20,2,0.063,0.238,2.555,0.38,0.19,0.35,21.67,1.14,3.13,0.07,16.58,0.58,57.2,50.66,146.72,76.26,19.33,36.97,0.15,2.47,,,,,,,,,
193,2009-07-16,298.418,69.501,7.036,-0.6295,32.7626,G713,18,10,0.061,0.074,4.88,0.459,0.04,0.35,18.16,,2.94,,15.76,2.26,48.57,57.99,180.73,28.66,3.15,13.3,0.16,2.49,,,,,,,,,
193,2009-07-16,298.418,69.501,11.753,-1.1165,33.0766,G713,17,17,0.071,0.048,5.953,0.507,0.01,0.37,16.54,0.96,2.54,0.15,10.08,0.63,92.16,63.73,190.67,67.91,6.14,37.38,0.25,2.5,,,,,,,,,
193,2009-07-16,298.418,69.501,20.215,-1.5495,33.2873,G713,13,35,0.135,4.632,5.957,0.752,0.18,0.35,12.43,1.35,2.5,1.04,8.74,1.31,52.46,16.38,67.32,46.23,5.41,25.87,0.35,3.02,,,,,,,,,
193,2009-07-16,298.418,69.501,34.861,-1.6226,33.4244,G713,10,50,0.145,7.635,9.216,0.976,0.06,0.33,7.77,0.48,1.46,0.22,2.12,0.52,21.72,8.24,6.99,49.09,11.96,24.15,0.26,0.56,,,,,,,,,
193,2009-07-16,298.418,69.501,49.981,-1.6835,33.4983,G713,9,75,0.107,8.158,9.253,1.005,0.02,,3.75,1.27,0.86,0.38,0.81,0.81,16.8,2.43,6.25,28.82,11.25,42.85,0.22,0.18,,,,,,,,,
202,2009-07-16,296.767,69.501,1.049,-1.2243,31.3424,G719,20,1,0.126,1.646,8.042,0.756,0.09,0.43,17.46,0.56,2.66,0.11,20.77,0.41,463.55,70.56,192.11,256.33,10.62,29.17,0.62,12.96,,,,,,,,,
202,2009-07-16,296.767,69.501,12.104,-1.259,32.1669,G719,18,12,0.142,2.534,8.932,0.859,0.09,0.43,16.27,1.1,2.72,0.25,27.65,0.4,858.02,28.37,249.6,59.06,7.99,32.25,0.75,20.69,,,,,,,,,
202,2009-07-16,296.767,69.501,16.938,-1.3255,32.3211,G719,14,17,0.076,2.416,7.615,0.628,0.08,0.51,14.04,1.38,2.27,0.09,22.1,2.7,107.74,84.4,187.3,36.67,9.08,35.19,0.26,5.75,,,,,,,,,
202,2009-07-16,296.767,69.501,23.879,-1.5565,32.6977,G719,12,24,0.124,4.782,9.492,0.824,0.09,0.39,5.14,1.17,1.16,0.19,4.98,0.6,17.27,15.28,44.95,19.97,8.09,41.74,0.12,0.59,,,,,,,,,
202,2009-07-16,296.767,69.501,35.02,-1.6592,32.8377,G719,9,35,0.068,6.692,11.623,0.965,0.02,0.39,3.22,0.8,0.9,0.02,1.06,0.09,13.82,6.1,8.08,17.83,11.08,22.68,0.1,0.1,,,,,,,,,
202,2009-07-16,296.767,69.501,49.994,-1.3745,32.9589,G719,7,50,0.02,8.373,13.937,1.056,0.01,0.65,2,0.5,0.78,0.04,0.11,0.11,10.12,2.4,1.96,16.7,11.63,23.45,0,0,,,,,,,,,
